,FpDensityMorgan3,BCUT2D_MWHI,BCUT2D_CHGLO,Ipc,Kappa3,PEOE_VSA8,SMR_VSA9,fr_Al_OH_noTert
sample_121,1.142857143,16.49500987,-2.088667911,19.09358393,5.96,0.0,0.0,0
sample_37,2.0,16.13711378,-1.711045177,9.651484454,3.67,6.420821623,0.0,0
sample_28,2.5,16.52244456,-1.825544755,19.80026906,1.52152648,6.076020107,0.0,0
sample_261,2.285714286,16.26466185,-1.978774315,29.01955001,5.96,0.0,0.0,1
sample_60,1.428571429,16.14747061,-1.811293312,19.09358393,5.34,0.0,0.0,0
sample_205,1.6,16.53910628,-2.089385574,29244.90307,5.034776864,0.0,0.0,0
sample_193,1.307692308,16.48049519,-2.031129692,1589.71823,2.089799938,0.0,11.49902367,0
sample_170,1.888888889,13.98379891,-2.011643296,129.2253387,1.562760731,0.0,0.0,0
